Date,Asset_A_Return,Asset_B_Return,Asset_C_Return
2023-01-03,0.019616389474502505,0.003157763784141787,0.0016245871662319278
2023-01-04,0.020338368958445763,0.010314709372410968,-0.0021056330392552614
2023-01-05,0.007098787047269184,-0.0013992834076202998,-0.006443458566162907
2023-01-06,0.0032919398920834286,-0.012278129011939476,-0.031017011108703474
2023-01-09,-0.0068226808562390495,-0.008511030599080427,0.0035783611585262776
2023-01-10,-0.011139424773424556,-0.012284415410421468,0.023691279779278984
2023-01-11,-0.0026030250160252733,-4.4991955587714294e-05,-0.02654390309319643
2023-01-12,-0.006598615304769129,-0.0007074727456043428,-0.02275821822121682
2023-01-13,0.004983823493621697,-0.002851428546837842,-0.003922142368142256
2023-01-16,-0.007315803785953201,0.01124617930224625,-0.0014615404846128888
2023-01-17,-0.013002536924174968,0.0026739510028570557,-0.0256268767046669
2023-01-18,0.0028736502317516788,-0.012694345814481367,-0.02401516601875764
2023-01-19,0.0027220116450852316,0.005898669278499247,0.00452878405186774
2023-01-20,-0.0012181935645517727,-0.002263388528000565,-0.027255460137544985
2023-01-23,-0.008792209788792471,-0.005184674981216664,0.017100715643328712
2023-01-24,0.004577724677258477,-0.010945512337382612,0.00689233270902756
2023-01-25,-0.00460285969081764,-0.005668265705798925,0.0099352517055602
2023-01-26,0.013315338241327135,0.009786970923719496,-0.010897141407021582
2023-01-27,-0.0036509335940380083,0.001531102245845961,0.01747556365689773
2023-01-30,-0.005782151348195708,-0.0025620409148947587,-0.021828548086074484
2023-01-31,-0.01472322914342894,0.0021845791705303874,0.021444620025847794
2023-02-01,-0.000668923188115067,0.00692867596783997,0.00715933981575434
2023-02-02,-0.007858608101052877,0.0007232661176046484,0.02683388684847321
2023-02-03,-0.00021324768779029668,0.010961322611583002,-0.04656951687039479
2023-02-06,0.010649398924442721,0.0032634340686932273,-0.0020929575612476103
2023-02-07,0.0013951446663835743,-0.013234623510005372,-0.004232757987987168
2023-02-08,0.004748529436385374,0.011555048195872608,-0.007310416355855387
2023-02-09,-0.009898649363931256,-0.00573458251737502,0.014078814586114374
2023-02-10,0.004389575989728112,-0.0025032567800545857,0.010882003677295415
2023-02-13,0.0014622254080245423,0.007200142813399868,-0.011861365412843883
2023-02-14,-0.003882503299715734,-0.003531271252331658,-0.02780107432576584
2023-02-15,0.00397674640858825,0.002878002325321427,0.00162047676084498
2023-02-16,-0.002713735979883003,-0.010292129493968849,-0.008919614032185108
2023-02-17,-0.00407139113837518,-0.006404175285708025,-0.004304970869771552
2023-02-20,0.005342880090336566,0.014564499083643545,0.005851442028220077
2023-02-21,0.0034889975932590467,0.00043291769920261736,-0.033698671676941516
2023-02-22,-9.594359107711892e-05,0.0005070865061373997,0.0468873282525617
2023-02-23,-0.002183038815144922,0.00167878524043652,-0.0009472097975233851
2023-02-24,-0.014381448710332423,0.00456418405895076,0.010324295709306375
2023-02-27,0.010256400992803227,-0.0037317437211866755,0.02930176484139846
2023-02-28,-0.01727265542308487,-3.0926978847878317e-06,0.03643861952794847
2023-03-01,-0.012166867207054843,-0.0067259635788924355,-0.0018333838525401713
2023-03-02,-0.006086503504803664,-0.012022976829098586,-0.0009751224364916711
2023-03-03,-0.013059646546815684,0.0002389099053548005,-0.020332853297420073
2023-03-06,0.01996206278638235,-0.0005699730991003404,-0.00012912071829662697
2023-03-07,0.010542634825528863,-0.005880633002176228,0.0071006107352340475
2023-03-08,0.016846880733506486,-0.00699015550146187,0.008025176570051196
2023-03-09,0.003518486074854721,0.006392626897594456,-0.02107073697926265
2023-03-10,-0.016264377507343997,-0.00020670562585201058,0.0010202509106487234
2023-03-13,0.0033997746790614958,0.0033330664133064403,-0.011138721832238074
2023-03-14,0.003169228198083962,0.002906792648700751,-0.011856768407535911
2023-03-15,0.024028793184994957,0.00913570197767366,-0.014403456912496337
2023-03-16,0.008546205266368956,-0.004587166582537883,0.017091991122463845
2023-03-17,0.014945612674765796,-0.0020107246588744188,0.022419717540875572
2023-03-20,0.005453462372324358,0.007138733466381275,0.03801461616483626
2023-03-21,-0.002849437052749315,-0.005777426091569837,-0.017256587359094078
2023-03-22,-0.0099899142142158,-0.0028271096553952324,0.0035038140695700104
2023-03-23,0.003731014614104744,0.00676011639396612,0.0019270795673707042
2023-03-24,0.01872404025218488,0.0027350523243816482,0.05763741954710522
2023-03-27,0.008153825716783025,-0.0038693748484470714,-0.017362724049453715
2023-03-28,0.00633666858293358,8.050837667683552e-05,0.015363300205124553
2023-03-29,0.006219590712545742,0.0010968048879860248,-0.013527103815927477
2023-03-30,-0.018670688220672638,-0.007476086522506087,0.010294008501341878
2023-03-31,0.002939735449696501,-0.007783085239330245,0.003806200812823679
2023-04-03,0.005105627438538374,-0.004777165306513287,0.004244196195258176
2023-04-04,0.0009719281741966679,-0.007544280588860919,0.006691856699860832
2023-04-05,0.007330050427604373,0.009413120762273186,0.02262373159737696
2023-04-06,-0.016973211392428245,-0.010438419395931264,0.0042469933039275265
2023-04-07,0.006733760274791001,0.005305764983796202,0.0765623757281757
2023-04-10,0.0074583153148444215,0.00981129973715067,0.020797291432588905
2023-04-11,0.008480611968896268,-4.4785118218260145e-05,0.016819404913232194
2023-04-12,-0.009453618173529077,-0.0038004499066688346,-0.011637756658611775
2023-04-13,0.001270418735365375,0.016589940106934042,-0.03246611690610479
2023-04-14,0.008923742231354392,-0.008888587119824654,-0.006488802851008946
2023-04-17,0.014055445027705504,0.0039155090682851945,-0.015391355001816986
2023-04-18,-0.008735506212445787,0.002719047395369545,-0.015524356415469454
2023-04-19,0.0029696177342377617,0.0011407316321416783,-0.010868261111182553
2023-04-20,0.027623907988747254,0.011105653637922597,-0.02841513858836442
2023-04-21,0.002590548485790878,-0.00384395800443027,0.016646552278392734
2023-04-24,-0.009699382133856016,-0.003016873643795215,0.006624932212775825
2023-04-25,0.011207928868779637,-0.005513005827774697,-0.0031124969073983433
2023-04-26,-0.005729178538787516,-0.0057759109799412345,0.03139764350502383
2023-04-27,0.005354670478850521,-0.0073143881266860555,0.01846807529682115
2023-04-28,0.027341862252249438,0.013834592010025792,-0.019195268487907202
2023-05-01,-0.005845528657153376,0.007511141135730703,-0.014011305421509301
2023-05-02,0.005846720184656817,0.006902359463301977,-0.014754674496528675
2023-05-03,-0.0005117227816044956,-0.02221581726050903,-0.020024110525499794
2023-05-04,-0.002939635156198994,-0.00919620239614427,0.029473298143767312
2023-05-05,-0.017622861080206498,-0.007177336431157033,-0.0028649222142175246
2023-05-08,0.01856668866643485,-0.00540544047633984,0.027044485275428576
2023-05-09,0.000367087048579684,-0.006577580655966586,0.008522007634823359
2023-05-10,0.0027497854127565002,-0.0033809549505307013,0.0020968268515204613
2023-05-11,-0.004605760585695506,-0.0002087445065789284,0.01120766140383811
2023-05-12,0.02042583851074875,-0.0036038225743727503,0.04630827395840065
2023-05-15,-0.024061687828678457,-0.006761353894824795,0.003754672549511451
2023-05-16,0.0037854066338292025,-0.0032892864145955825,-0.0027460704664099556
2023-05-17,-0.005955329019003308,-0.005389516412405704,0.014016191037663495
2023-05-18,0.004747300465995252,-0.003544965586560811,0.018177720285475596
2023-05-19,0.004118161706166967,0.006753403716395212,0.013540746299387507
2023-05-22,-0.01015435304551393,-0.0061985612825664615,0.010825227514471791
2023-05-23,0.007959547869371475,0.0018723676801499778,0.004779308887847167
2023-05-24,0.01646930804462743,-6.538788719612221e-05,0.015123764743997903
2023-05-25,-0.002306628374204811,-0.0019477720853008362,0.019980979657134634
2023-05-26,0.010694141647614286,0.00833638151550442,0.028313066159624034
2023-05-29,0.0005028451534832001,0.0049703712125770405,-0.005072451631392472
2023-05-30,0.004331561601404577,0.00024840150340343925,0.0032700884980663147
2023-05-31,0.007766371977872,-0.0036925379716639117,0.041793290878211486
2023-06-01,-0.012359518333889152,-0.011220786885093759,0.017586080925189762
2023-06-02,0.010264429193116209,0.0069114074828060534,0.01529480393150795
2023-06-05,8.380391460893755e-05,-0.006065082802302002,0.001285414075679503
2023-06-06,-0.008259045533964282,0.00489004182051711,-0.00457149597094153
2023-06-07,-0.010110731253782923,-0.004542505531138441,0.004700114920409115
2023-06-08,-0.006840661965350381,-0.00720512925535044,0.0023416911526907835
2023-06-09,0.003329915829186625,-0.0025982734169041066,-0.007675715441060937
2023-06-12,0.0031666529333385096,-0.009119292998905015,-0.025155390154306678
2023-06-13,-0.008774726533104515,-0.0034752822868561184,0.003254878151648821
2023-06-14,0.01900415973515024,0.010629030353122237,0.0032722248138417065
2023-06-15,-1.4864607523756845e-06,-0.006810091032114607,-0.0005302626039209724
2023-06-16,-0.003392892859659935,0.0015340548194346937,-0.015846956925233857
2023-06-19,0.006804291002036722,0.012436016286454521,0.0008796948402676197
2023-06-20,0.005313252743141428,0.0061850098469413695,-0.005312597515309658
2023-06-21,0.003066085986896061,0.0009351129016519355,0.0029623424107461105
2023-06-22,-0.009455921542666723,-0.0019957150535472312,0.0066267340796861696
2023-06-23,0.018693359717623315,0.011266706945779026,0.04711349425439537
2023-06-26,-0.00938525630307474,0.003900803391260421,0.0011517117577291014
2023-06-27,0.028217806851245086,0.0011918378463025014,-0.007277202833109397
2023-06-28,-0.007286863402275023,-0.0162242782415577,-0.012497675826583121
2023-06-29,-0.009282724324305991,-0.001083014539805749,0.003824203684112959
2023-06-30,0.02416293071708764,0.012505121397210273,-0.002894506678782105
2023-07-03,-0.01101969903133726,0.0008617777577610841,-0.02696488713933376
2023-07-04,0.023586162567583946,0.013975814090054106,-0.000978535582485951
2023-07-05,-0.021119170945420707,0.00437927342426403,-0.007709560738551224
2023-07-06,0.015959122824046545,-0.007108487196841651,-0.006754010369540708
2023-07-07,0.00030420590601676345,0.0005113185076917048,-0.007962840508941804
2023-07-10,0.008118040825119577,-0.0053292776110919204,-0.00042412060923435746
2023-07-11,0.001755216331679188,0.00410612498736751,0.014238133794342689
2023-07-12,-0.013834475064425256,-0.01376381204450794,0.019249245884179533
2023-07-13,0.0044346623923947615,-0.004002969121092659,0.030412911136085796
2023-07-14,0.0016968967471036045,0.008727886874209334,0.00247410683109206
2023-07-17,0.02654734451283014,0.018735666104169324,0.0042104668771296705
2023-07-18,0.012556922988397279,0.0076076839183105704,0.030013394679792693
2023-07-19,-0.011848050156080148,0.0020073028533984516,0.016664149491344427
2023-07-20,-0.021681443443989812,-0.013257280299356689,-0.04360821762556
2023-07-21,-0.0031511365500385136,0.004335883004062513,0.027765073568238652
2023-07-24,0.0011722883193123756,0.011745707696942276,-0.024006033017545336
2023-07-25,-0.020998893577054867,-0.005351179998478339,0.0009467252230468404
2023-07-26,-0.00017380476389150523,-0.014151588816338045,-0.0023256189403489946
2023-07-27,-0.016066214814691948,0.0008654980948581414,0.002432707055592509
2023-07-28,-0.011536218630332384,-0.00621288224569394,-0.022810482031654367
2023-07-31,-0.0005514350646576016,0.006619550620901693,-0.017635603876803296
2023-08-01,0.006610236232842404,-0.0019778393626593838,-0.012613227198989385
2023-08-02,-0.0011097443262686468,-0.0072993864464577785,-0.010724967641039918
2023-08-03,-0.014743974916676117,0.01021160013186928,-0.0027630783393074454
2023-08-04,-0.008540934721968485,-0.0004633261157215296,-0.004328849764121068
2023-08-07,-0.0025426220832378554,0.0037638292009325447,0.013833356171013556
2023-08-08,-0.0064248627224577914,-0.005408947895602978,-0.0070119554721900235
2023-08-09,-0.028353657045743774,-0.017139484552432305,0.01640880569627412
2023-08-10,0.02118400202441939,0.0034242331528873127,0.01723221494346361
2023-08-11,0.0041681412302336796,0.02269580326494225,0.023746666581039966
2023-08-14,-0.001372572090411639,-0.006813803586068534,-0.0298631643870243
2023-08-15,0.0028054239589714314,-0.004445184988389528,-0.025249524786939537
2023-08-16,-0.007876771774233404,-0.009235484243561798,0.029053887398263534
2023-08-17,0.011410318805507025,0.002784302228963531,0.03150928977478862
2023-08-18,0.001213580085426269,-0.005547924053707853,0.02883864630566979
2023-08-21,0.007052475993270635,-0.005372416754039877,-0.0016154525660994068
2023-08-22,-0.010735615311967317,-0.011985689499217078,0.013655453573563792
2023-08-23,0.024591999125341157,-0.003739177678441008,0.0175109043289281
2023-08-24,-0.007927639812788989,-0.005159066660126332,-0.013240314615918125
2023-08-25,-0.010590684858975297,-0.002104236541925264,-0.01816336017841158
2023-08-28,0.003652183989155011,0.0006397705766436612,-0.0031193533791513683
2023-08-29,-0.011133688708248823,-0.006548824661187336,0.010669671763733346
2023-08-30,0.006570550575542455,-0.005075305819267739,0.003633175780296316
2023-08-31,0.009751926315794357,-0.009082657878735967,0.012586273160754669
2023-09-01,-0.008077380646424381,0.002121726573026672,-0.01597193421598575
2023-09-04,-0.022250016116031057,-0.016427132587617188,-0.006285405585224169
2023-09-05,0.0035164594753167577,-0.005296047294761075,0.012809189379486385
2023-09-06,-0.0204824161735907,-0.0052978540504784455,-0.028027423126712914
2023-09-07,-0.007942557665272965,-0.0014716542834652957,-0.017911989497447878
2023-09-08,-0.004596253962465213,0.005996764724046422,-0.011355225448672401
2023-09-11,0.010824997053469954,-0.0051169654802832865,0.012880233603936198
2023-09-12,0.01857047858526162,-0.012516331279256221,-0.009974942470731385
2023-09-13,0.007536780278945665,0.0005081327255875845,0.00930865220705801
2023-09-14,-0.007344300699813955,-0.0010559686995481599,-0.004819736226453375
2023-09-15,0.015063088062662322,0.005478514102141396,0.011127432177358232
2023-09-18,-0.004938830448250386,-0.0044438892041011036,-0.009422972469350088
2023-09-19,0.00522130887915595,-0.0015529065919173135,0.007003564807536833
2023-09-20,0.02673687173842354,0.01255880002113785,0.0024688998601556378
2023-09-21,0.015490724568800296,0.0009752168638061942,-0.03251937369876223
2023-09-22,-0.012385261894986122,-0.015714765869279,-0.010733224585133372
2023-09-25,0.00047025553971513645,0.011910604628326604,0.007135942551727226
2023-09-26,-0.0025191336028355105,0.00526745850336674,-0.04028659607550422
2023-09-27,0.0032117061595047236,0.006242386443362946,-0.025533608379716077
2023-09-28,0.01475585002455504,0.005991276659395917,-0.002923252964512346
2023-09-29,0.008244195136823063,0.01797464931649362,0.007016904950492231
2023-10-02,0.003371049925951386,-0.002259599147127145,-0.014578479016427837
2023-10-03,0.010756785871516739,-0.00324530452193339,0.004417499450911189
2023-10-04,-0.005763151890872842,0.002046100898113856,0.004878321183848566
2023-10-05,0.013398840455214112,-0.00022640445278065968,-0.000986562088463594
2023-10-06,-0.012020340005656549,-0.005850634017022238,0.003405316121563695
2023-10-09,0.009823189226844553,-0.003922475994295405,0.019055737794511973
2023-10-10,0.017468344575059858,0.00715876823644046,0.04115932924562116
2023-10-11,-0.009465648349627265,-0.010735061583532546,-0.03542495817027924
2023-10-12,0.019269793191960316,0.009269732616321802,0.005206525168308884
2023-10-13,0.003772466287103038,-0.006758289373068438,0.047249235455896654
2023-10-16,0.0018678714055249124,0.0013193483420328445,0.014368646725634537
2023-10-17,0.006318117561938008,0.00318043738928675,-0.012348247818701585
2023-10-18,0.006197161649165839,0.014742084008817491,0.02815084717585603
2023-10-19,0.02051801888446314,0.0014464237822322534,-0.012136648292753738
2023-10-20,-0.0013457646396515255,0.00017558630490221994,0.020304012352894807
2023-10-23,-0.020864221271569727,0.0056653323594044736,-0.008358404758569749
2023-10-24,-0.005126913003958289,-0.008100007271763188,-0.03184939031114109
2023-10-25,0.01066554549251797,0.0031718566602350062,-0.02023287455180045
2023-10-26,-0.015949796697377283,-0.006054093168676666,0.026506011652252637
2023-10-27,-0.0030278551449502977,-0.01096857076253166,-0.0058354854480568985
2023-10-30,-0.0031927909404149135,-0.019153570029800226,-0.0028463939814015182
2023-10-31,-0.0026678413315156524,0.004304256889479108,0.034521914281073984
2023-11-01,0.014536117057096343,0.0017148068395589355,-0.015911108923019057
2023-11-02,0.03319855255169557,0.008396279957983532,0.010359575184974323
2023-11-03,-6.58501215513585e-05,0.0014703452417195173,-0.002381408750553593
2023-11-06,-0.006964997882924262,-0.005339195037616262,-0.0026988142794796
2023-11-07,-0.006586625793331025,-0.006391547845440493,-8.008691006233803e-05
2023-11-08,-0.002969896854027043,0.009867194602293683,-0.04793323459466958
2023-11-09,0.014088104005483215,0.01217692152052452,-0.03289209276272731
2023-11-10,-0.004071053328354557,-0.0034338572058907335,-0.026839625579411996
2023-11-13,-0.009515908357930702,-0.009827739500774868,0.02977203285664043
2023-11-14,0.012099144490226754,0.011878656379344932,0.017875881571597363
2023-11-15,-0.013889261682312415,-0.006854473586266341,0.004884997280582004
2023-11-16,-0.015044944583465503,0.0014152727055292136,-0.0084405886799227
2023-11-17,-0.004474164034585115,0.003970024578329179,0.007425676710738349
2023-11-20,-0.004300377763601371,0.007135793970524551,-0.020390291399406513
2023-11-21,0.008030225156875348,0.006160278486115889,-0.002855950916914596
2023-11-22,0.004356446945782189,-0.007483849773283646,0.018284905869053736
2023-11-23,-0.002089267150575558,-0.0040027491159553286,0.018980121110152348
2023-11-24,-0.00859861973232312,-0.011649611591865838,-0.03126231588167527
2023-11-27,0.007904177340269491,-0.006845295147207997,0.035148087347521395
2023-11-28,-0.025656871910112677,0.005643940304841832,-0.0029610200973232415
2023-11-29,-0.0009798950296154851,-0.0038903149119616787,0.007121325435007764
2023-11-30,-0.00023602958483393,0.007729665093947791,0.002728643682338827
2023-12-01,0.0021339931694548397,-0.0018930740954768988,-0.00033835409945293105
2023-12-04,0.004124515515101734,-0.010690296099200358,-0.023911101603489526
2023-12-05,0.009648593035733288,0.0036075426974737645,-0.00022848130499875108
2023-12-06,0.0004704515923019681,0.002637168164583148,-0.009436489336464349
2023-12-07,-0.009521998527229902,-0.0008263336823001177,-0.020462523161986823
2023-12-08,0.005396103295688848,-0.010337757894517186,0.020395266528304035
2023-12-11,0.006211475550920165,0.0033783616125357963,0.020589949926275164
2023-12-12,0.021447869744709802,0.012308660237344338,-0.026704041924368815
2023-12-13,-0.015757588604368933,-0.007995966710738656,-0.004304116217438092
2023-12-14,0.00678288614432776,-0.003287589613466868,0.0054269580906014525
2023-12-15,-0.009235919607195942,-0.006330817039846726,-0.028437314117974455
2023-12-18,-0.011328889649523943,-0.011914947407763332,-0.021578264292289484
2023-12-19,0.013604443726556559,-0.0032166891814845444,0.05402760383923644
2023-12-20,0.006474184097391866,0.002946408777450671,-0.013558587709953995
2023-12-21,0.00910234706863644,-0.0016993110744283335,0.004978124841124254
2023-12-22,0.03302576183937367,0.007271597383741613,0.03170146078599756
2023-12-25,-0.008584039915872532,-0.0021963562307830697,0.030873144482407078
2023-12-26,-0.007631676952492672,0.010889951559849509,0.01184673947840964
2023-12-27,-0.006824923741638345,0.0028546176256432076,0.016572055334681757
2023-12-28,0.008104832153823738,-0.008789958540154075,-0.011394915042907905
2023-12-29,-0.0028762022321571212,-0.0010936761590722988,0.010879914522125889
2024-01-01,0.002479987504655945,-0.008507979050312975,0.007484599626810251
2024-01-02,0.007962284272530429,0.005911827297751415,0.023106386681683855
2024-01-03,0.010802456545527805,0.005889955737568231,0.002342756920525879
2024-01-04,-0.02047551607465492,-0.0018741916932153435,-0.0019564604457280588
2024-01-05,0.0036663717318747846,-0.007823788707546186,-0.019031317451258856
2024-01-08,0.013598199834728097,0.0030849788138334056,0.017020893594472897
2024-01-09,0.0005950502139600022,0.0004617311375212374,0.01794537172734123
2024-01-10,-0.0062438826615182075,-0.000724324593060155,-0.010119211765844516
2024-01-11,-0.005222358505345359,-0.003280566280489894,0.002643463006864133
2024-01-12,-0.0057768200794379165,0.007449989256465006,-0.017401627064263514
2024-01-15,-0.0021140284663057063,-0.0034358355706489707,0.026542281819603497
2024-01-16,0.0027181401178186793,0.007944386215134491,-0.02569838620632292
2024-01-17,0.0036091095460975,0.007166425122461906,0.0032021933350110388
2024-01-18,0.013755636201469024,-0.00019230991949847898,0.030661677047922442
2024-01-19,0.029632033274341163,0.004617866158042494,0.0005901215646499924
2024-01-22,0.018722120179897495,0.015628933685915003,-0.003231551649340525
2024-01-23,-0.005043002209221159,-0.003048289780049118,-0.02595225303059201
2024-01-24,-0.011271822944269427,-0.009519195289124815,-0.01764446236816486
2024-01-25,-0.00019887349003422372,0.0016890761798222798,0.029389265332764092
2024-01-26,-0.012264158011447202,0.003978581645448287,-0.00700653641579696
2024-01-29,-0.0003850147897426215,0.004706605089884741,-0.020188096583819592
2024-01-30,0.005068808340466857,0.002482430522821266,0.010987726026643552
2024-01-31,0.003888819620862405,0.018219000743555203,-0.009358532113304063
2024-02-01,-0.006431069155594549,-0.005736470072460587,-0.012174509601542205
2024-02-02,-0.007761947046845408,0.006501354575183305,0.02498191416500739
2024-02-05,-0.0069285185362800705,-0.007295916511344314,0.006545224918256487
2024-02-06,-0.0066967373997249835,0.0028893220670282993,0.0022303846431681595
2024-02-07,-0.018681776939601158,0.006328030315648769,0.02886038746185715
2024-02-08,-0.007454393732644338,-0.0043596019907065076,0.003118347567225399
2024-02-09,0.004461778943973593,0.005760198612436707,0.03981815673675837
2024-02-12,-0.0019892490977779786,-0.005878615326197267,-0.025892960958162625
2024-02-13,-0.008930640477233909,-0.002267219795321296,0.031219223522916284
2024-02-14,-0.0062634961699746805,0.0001551922654459137,-0.0018687484028886425
2024-02-15,0.015326710684993916,0.021498131564351652,-0.003987955473717331
2024-02-16,-0.005910724654050736,0.005941656293465103,0.011567756543802377
2024-02-19,0.023782826481805186,0.009847503176023675,0.0008675541089697703
2024-02-20,0.007709210750258766,0.009683724074755817,0.018342102890871237
2024-02-21,0.006651168730554824,0.009135307317524877,0.024598266461238305
2024-02-22,0.017808373021354962,0.008882710360133217,0.00269919072239011
2024-02-23,0.0020886922289253818,0.009012773725114664,-0.013678839264396503
2024-02-26,0.004894883325520016,-0.0014394895966178822,0.0020631069406116254
2024-02-27,0.01647938623527323,0.005373877282527362,0.006086593824326414
2024-02-28,-0.016752570292256852,0.0012289737290904768,0.007442232423240602
2024-02-29,0.027873950175404394,0.004589056174505668,0.012481144166409885
2024-03-01,0.00338575308185729,0.011923346629265197,0.0001266468607050708
2024-03-04,0.0037604889988556156,0.005238828546379137,0.005070196202952015
2024-03-05,-0.005371958769649354,0.00016466137394188785,0.018738570034301016
2024-03-06,-0.012614543054518035,-0.002010783977397068,-0.016352729539317212
2024-03-07,0.015411823404414493,-0.0067467635116342795,-0.006141399507524126
2024-03-08,0.005002991533791912,0.0122308843217811,0.0011524644501579306
2024-03-11,-0.006733985726176228,0.011590772600316379,-0.027446720297840566
2024-03-12,-0.02709054231134056,-0.003424337011935785,-0.016979750486962097
2024-03-13,-0.012548827382661054,0.0019915413973548013,0.001243808239234978
2024-03-14,-0.006845092402172681,-0.010352026350429755,0.01388387515371492
2024-03-15,0.008465491413220505,0.0014498042461390526,0.03758805369037943
2024-03-18,-0.013156393588864446,-0.013542404605940361,-0.017037695776078055
2024-03-19,-0.00033617806300523245,0.001719383719547718,-0.004231067947272682
2024-03-20,0.004684514509869286,-0.007408979935692117,0.02822995319488686
2024-03-21,-0.0007965948732191475,0.007691722524615807,0.00681546830086277
2024-03-22,0.006010636715188644,0.005513540625614155,0.010602661434051974
2024-03-25,0.008370479065598513,0.011386226254577192,0.0069369281668321126
2024-03-26,0.009212882695098568,0.0016933921675228447,0.030041991553920733
2024-03-27,-0.008249431899702842,0.010658303841584393,-0.002257053565524192
2024-03-28,-0.017630704518813434,-0.0032635455889751253,-0.01750976223268963
2024-03-29,0.010888056549509084,-0.00180816641770698,-0.00504109791004026
2024-04-01,-0.023292326806207297,-0.00863972417523351,-0.05057723313875606
2024-04-02,-0.019524091846070624,0.0006490871450248736,0.009213385634700977
2024-04-03,0.005614056758972641,-0.0052293821486678604,0.0006238942645353518
2024-04-04,0.00019272608108522604,-0.007835578315406821,0.02802236588419782
2024-04-05,0.011355814349763849,0.0012926855719541663,0.004028410554399731
2024-04-08,0.002867575495895114,-0.013256964472947885,-0.004323094158375618
2024-04-09,-0.008319300147033415,-0.008792827240666767,-0.007865677582888808
2024-04-10,0.023150729311753437,0.010096048622205922,-0.0032118726690189003
2024-04-11,0.0074797951659408835,0.01166368415250929,0.020359998963609627
2024-04-12,0.000989856868092831,-0.0041234380991954644,0.013268845176316546
2024-04-15,0.005209065365427534,0.007590371725647138,0.014009429655261973
2024-04-16,0.013552226621764918,-0.00036476139870045277,0.02883919911740107
2024-04-17,0.002731339582956238,0.01526042444822262,-0.010799081479111794
2024-04-18,0.02235540258746016,0.006813173331554623,-0.0051052866832760335
2024-04-19,-0.005841166897603389,-0.0035065608252182745,0.00620786191195144
2024-04-22,0.006848548008579369,-0.0022214918594942734,0.001587572850425767
2024-04-23,0.027602238686280423,0.01879059042223763,0.017332705052882647
2024-04-24,0.0007171510880032983,0.0011169777676589554,0.011918552945269001
2024-04-25,-0.012568231573814592,-0.004694894079228185,-0.033972351515591304
2024-04-26,0.005281733242154196,0.0058780921076948545,-0.006847662979313163
2024-04-29,0.02027118998070243,-0.00355688298775636,-0.021140338544450632
2024-04-30,0.00307062709551964,0.008135948016306793,0.03329252607192568
2024-05-01,-0.005527967293808889,0.006275233006271863,-0.0017033690122311151
2024-05-02,-0.0019349299150488442,0.005786719761839754,0.01215856256950687
2024-05-03,-0.019431309429831067,0.005648946508148844,0.020707811373669616
2024-05-06,-0.007614118600125619,0.0010210456868684492,0.007268118874861784
2024-05-07,0.0035284864926272697,-0.002850510851326815,-0.011312558604066991
2024-05-08,-8.385227862328648e-05,0.008251334147698852,0.010805645102783812
2024-05-09,-0.004421403142654379,0.004405369599758124,-0.05210979920330505
2024-05-10,0.014819924691031883,-0.008374445693028587,-0.0027834570814142534
2024-05-13,-0.013772695976821847,-0.012111595619657467,0.017166429157692287
2024-05-14,-0.005638430078401702,0.001156963844806791,-0.002193405301432416
2024-05-15,0.006267805734147425,0.0021468159391071495,-0.02138616469784671
2024-05-16,0.012872017646933465,-0.0002385485202514026,-0.02464679788275237
2024-05-17,-0.005142381255407669,0.009316038173798002,0.015151173989418343
2024-05-20,-0.0041458907372065035,-0.0032986594761207355,-0.007092965594775791
2024-05-21,0.026754298624042994,0.009136952781162222,0.016398345854896634
2024-05-22,0.013306196542057114,0.004951724902851895,-0.0005050117170402046
2024-05-23,-0.0022331830644968242,-0.0009195099362133696,-0.0011624162918232317
2024-05-24,0.00944973525248094,0.0027336073692387775,0.016770792502977194
2024-05-27,-0.0007785348683762017,0.00047068859121890405,-0.036290464875898265
2024-05-28,0.011852428704296258,0.005355387395215461,0.022631159595368544
2024-05-29,-0.03560208311212165,0.005898400002267934,-0.012295803838930919
2024-05-30,0.014301183671024953,-0.003677230825388289,0.015520064351991048
2024-05-31,-0.012949122608824637,-0.007310136147559265,0.031992115950704614
2024-06-03,-0.002161936839928935,0.001100295901116155,0.01589815483281698
2024-06-04,0.006504160805097969,0.0027144526360691756,0.009029765148315994
2024-06-05,0.03098874192619916,0.007062716340444197,0.013166547239071846
2024-06-06,0.013566294694592917,0.01106681904857476,0.027058312695205533
2024-06-07,0.008319758047057535,-0.0058008998331902095,0.033011370904831416
2024-06-10,-0.014104091252441164,-0.0011989420751198354,-0.01771458383421476
2024-06-11,-0.0005698095710590101,0.002256179282641657,0.0061585681084641575
2024-06-12,0.00556924801053893,0.012705770365821545,0.011013763109021024
2024-06-13,-0.0028339659436986686,0.006129682918865065,0.022030798793748696
2024-06-14,-0.015112945098208153,0.0005969913647139169,0.008923617384015481
2024-06-17,-0.0035046966831903115,0.008840115252709113,-0.0030329250899412408
2024-06-18,0.0018218674275505276,-0.0006493171001157316,0.0009897656601189908
2024-06-19,-0.013481965719569056,-0.013036230764644996,0.025394477859332465
2024-06-20,-0.010378383779962697,-0.009216957831454153,-0.042256788973145665
2024-06-21,-0.007781631219463514,-0.010869329705908148,0.028121765281265754
2024-06-24,0.013044947238354254,-0.001543212323847909,0.046579515172319175
2024-06-25,0.01268698322164341,0.0008883175491274375,-0.04150806984532185
2024-06-26,0.029528837890202997,-0.002527041606907421,-0.021833902375963277
2024-06-27,0.013207733353850948,0.020369589311347358,0.031273146015372344
2024-06-28,0.007369705944401117,0.006013530238215159,0.018644206311045686
2024-07-01,0.00984787098481843,0.004422527595060677,0.005224612758684577
2024-07-02,-0.0005503525490372363,-0.005229321701926248,-0.0054308930144827405
2024-07-03,-0.02087029281652153,-0.005614674357318439,-0.024146026082094152
2024-07-04,-0.013572869799582832,-0.0019189124574362504,0.02221220901290688
2024-07-05,0.011877784201276276,-0.007902785160787018,-0.015084020131107767
2024-07-08,0.012164086077205205,-0.0037852242824076843,-0.0007098849563208498
2024-07-09,0.007193852621848018,-0.004863977061811076,0.003935697889946077
2024-07-10,-0.016432534550645528,-0.00799811344399437,0.000927648886785315
2024-07-11,-0.019636383930082046,-0.0015939488358147624,-0.005887812281306859
2024-07-12,0.007224788140525407,0.003397494939240353,0.028118962486979315
2024-07-15,0.0018174251953551046,-0.0024235826518193004,0.002861874710683665
2024-07-16,0.007108150836224514,0.0021534479383802374,0.0031275483763426593
2024-07-17,-0.008569241646060655,-0.006524119269282758,-0.028188862952990723
2024-07-18,0.02253075865411902,-0.0031526929951041227,-0.006408866753522924
2024-07-19,-0.008774265020646155,0.004206622944050498,-0.00748057688492354
2024-07-22,0.016086179332158723,-0.0007231596429444487,0.009949757540000714
2024-07-23,-0.010233565452304916,0.012584545576253214,-0.023674893026575217
2024-07-24,0.004150057022154208,0.005512725532437868,0.009434392258893753
2024-07-25,-0.002094114117099477,-0.0012890086538905887,0.0003548529194559169
2024-07-26,-0.0016126541713822329,0.0064238443578659155,0.041914910796578164
2024-07-29,-0.006762670576406893,-0.010945783025887779,-0.004000635540273412
2024-07-30,0.033281208243706395,0.002405015796418164,0.04087279939221422
2024-07-31,0.02160522342407223,0.0014083506535060852,0.01708769481043615
2024-08-01,0.020970825449982522,0.0024700212908024266,0.002530585902956295
2024-08-02,-0.007065317883135025,-0.008582396500530942,-0.014236399016125723
2024-08-05,-0.01506743560082524,-0.0032894469143456284,-0.01839665901924359
2024-08-06,0.0031885936539011173,-0.009853946374903444,0.006687057057683798
2024-08-07,0.010797449279682958,-0.011061180033287044,0.009596073338841826
2024-08-08,0.015829246635838956,-0.004488571549885023,0.036035349928874805
2024-08-09,0.005532486529879588,-0.003441693502657217,0.0005583893731522238
2024-08-12,0.007298860925861073,0.0023874894910360656,0.012489944488346172
2024-08-13,-0.01129700587924809,-0.0014396105624822075,-0.02885818380183991
2024-08-14,-0.0011625451375367746,-0.006408309209556928,-0.014012430084857197
2024-08-15,0.015937067116538195,0.01153426655029266,0.01683606501705559
2024-08-16,-0.01343271695000603,-0.005310990675342131,0.018667309017357248
2024-08-19,0.0020256093044166423,0.016806811013230227,0.009112022762588712
2024-08-20,0.0026612214549466273,-0.0013901113699628098,0.003373781160359579
2024-08-21,-0.0016814289522416592,0.0046254009353254855,0.017881642821702126
2024-08-22,-0.0096178905407025,-0.011364747682699794,-0.03652969965497821
2024-08-23,0.006660265956490274,-0.005920887469612723,-0.03737492626310479
2024-08-26,0.005146925635237443,0.018791172866010175,0.0026856200742297887
2024-08-27,0.010860639201211164,0.003277488745059509,0.0016713308841167507
2024-08-28,0.011887471510355185,0.0009382261625705546,0.008638710035714814
2024-08-29,0.004300326612314942,-0.0034800330347132258,0.019795895848999878
2024-08-30,-0.0019642588168259367,-0.005579519701149449,0.009299410363992067
2024-09-02,-0.011020363278196443,-0.0023488628570011993,-0.0032501648779380554
2024-09-03,0.014016415013487604,0.006764865692786559,0.004142944836719176
2024-09-04,0.01059673405581485,0.012349811392008414,0.014390434502356886
2024-09-05,0.000368593902251968,-0.008848146078729746,-0.019724304197824005
2024-09-06,-0.003600875820753968,-0.004963536632286436,-0.004558137569824927
2024-09-09,0.0009522703268343147,0.004019008233400845,-0.0005747174573667024
2024-09-10,0.006387755059717559,0.0020897563216704107,-0.033821277233544556
2024-09-11,-0.011529439029635324,-0.0036619883622260874,-0.025378212829438862
2024-09-12,0.00782695852306059,0.01266878577106878,0.02609249546180803
2024-09-13,-0.002448030842797322,0.0099012000430867,0.002861836763188741
2024-09-16,-0.004000764342171892,-0.0050862104211043535,-0.006805407857475854
2024-09-17,-0.004641666995967575,0.0001767987460161713,0.001874997538280354
2024-09-18,0.0002765097065939859,0.003211393519061634,0.022786063680749535
2024-09-19,0.0122760930247372,-0.007220458133775698,-0.04304935902130025
2024-09-20,0.012081822295136657,-0.006454136289683277,-0.0008950882716414199
2024-09-23,-0.014399267699796825,-0.015727741413355534,0.005168649567471206
2024-09-24,0.009850753620066932,-0.0015277023828554892,-0.044036621070059456
2024-09-25,-0.0066219157718397925,0.0012334111121621305,-0.0285667709145907
2024-09-26,0.002551462540921534,0.0006183909318318026,0.011776882135793754
2024-09-27,0.001746189084760319,-0.006190957619422344,0.02275401822103973
2024-09-30,-0.0017576431789589897,-0.0004985541817389416,-0.017435516060516743
2024-10-01,-0.005332467824593179,-0.007274026563013014,-0.004932058565655595
2024-10-02,0.022043030421899923,-0.004150611015765193,-0.023390533446183803
2024-10-03,0.018950421674960527,0.0031730286658613327,-0.006592126166944046
2024-10-04,0.013429033059269235,-0.0008812215476931007,0.038503859605379276
2024-10-07,0.008817808227363333,-0.0011599796694203857,0.04351456415045307
2024-10-08,-0.007365933041293071,0.003485780300812147,0.0038621528721389797
2024-10-09,0.016777684562109263,0.015036328897680917,0.006475022618645632
2024-10-10,-0.0092113905072162,0.001079082040349233,-0.01479553536879441
2024-10-11,0.02593499827854928,0.007229705630017014,0.001201772514527688
2024-10-14,0.0025681404250250672,-0.008567986472597156,-0.017393195317653154
2024-10-15,0.015480489254016794,-0.0007512629753591016,-0.01470713556708192
2024-10-16,0.007023836638345493,0.010057566761737302,0.016254772809906504
2024-10-17,0.012869221289038224,-0.002059500111503354,-0.022317260865267197
2024-10-18,0.019337719009226317,0.0024769185353139545,0.0011963981569569349
2024-10-21,0.017116607227019465,0.008072001753101743,0.014084681305490454
2024-10-22,0.027896582114661728,0.0022603186275242937,0.02571627723703873
2024-10-23,0.000956850584684199,0.002205523245705221,0.029340792084288747
2024-10-24,0.006658292898648277,0.005449612304213591,0.022543446398499478
2024-10-25,-0.004350386498925829,-0.0067251713197323815,-0.020554971482311557
2024-10-28,-0.02423711634828618,0.008505930280890972,-0.026355398420635834
2024-10-29,-0.002546191345129012,-0.002414067044694934,0.005050568508695674
2024-10-30,0.010570899401166178,0.00863500235187753,-0.00703329878860659
2024-10-31,-0.0018656978625453124,0.001623600646405876,-0.004809626817958823
2024-11-01,0.020700081244575896,0.008467217518121961,0.020384182816808316
2024-11-04,0.008626610806558244,0.010357543015917292,0.006660124377849019
2024-11-05,-0.01597153209925084,-0.0009818083125646693,-0.01636158206404148
2024-11-06,-0.006401272943561298,0.0026373755262949494,0.021696323325738565
2024-11-07,0.0005062200005856443,0.0023766380851881763,0.03253449725480073
2024-11-08,0.0032766567336168784,0.019102970642138395,0.012830719442317395
2024-11-11,-0.02170638128833635,6.510109479407333e-05,0.0010096748353847218
2024-11-12,0.01662412068779706,0.008771873609323855,0.002891142132109392
2024-11-13,-0.015071877628914931,-0.004967863383391058,-0.01995879797754152
2024-11-14,-0.00705083813130436,0.002495402501263566,0.029691379338619983
2024-11-15,0.005224087336805683,-0.006898202503767492,0.009572085199782254
2024-11-18,0.015432098670247418,-0.0004364898143320861,0.0020902720869735436
2024-11-19,0.0004232386376463726,-0.005210061136633359,0.012102947234703398
2024-11-20,-0.0012848820348870804,0.0027144118396595918,-0.01628159381615546
2024-11-21,-0.005259481532130628,0.0038593246469698084,-0.007928134226553918
2024-11-22,0.022239485572276507,0.0026263712994509802,0.010878184251827294
2024-11-25,0.012059774988225413,-0.006813676087325415,-0.02893143423450284
2024-11-26,-0.018804318246881335,0.004313405523134195,-0.015049636554007928
2024-11-27,0.03300122575432618,0.004003880993086906,0.013237236848441247
2024-11-28,0.01986152107032413,0.018907895185168,0.04614889878061601
2024-11-29,0.01558223518672186,0.010978335083685842,0.016388721738594292
